[
  {
    "id": "6234fa66355e1d7a74e61c6a",
    "profile": {
      "name_author": "Melva Vaughn",
      "book_name": "Temorak",
      "date_publication": "2015-10-22",
      "address_book_vente": "47 Granite Street, Steinhatchee, North Carolina",
      "address_maison_edition": "84 Norfolk Street, Edgar, Nevada",
      "location_maison_edition": {
        "lat": 39.309884,
        "long": 110.382383
      }
    }
  },
  {
    "id": "6234fa66ff007e7f313eadad",
    "profile": {
      "name_author": "Hester Whitehead",
      "book_name": "Ronelon",
      "date_publication": "2020-10-18",
      "address_book_vente": "67 Minna Street, Waterloo, Arkansas",
      "address_maison_edition": "17 Oceanic Avenue, Brandywine, Maine",
      "location_maison_edition": {
        "lat": -88.281165,
        "long": 138.024158
      }
    }
  },
  {
    "id": "6234fa661a5fc845db238517",
    "profile": {
      "name_author": "Elise Mayer",
      "book_name": "Urbanshee",
      "date_publication": "2011-04-05",
      "address_book_vente": "15 Kosciusko Street, Vallonia, Maryland",
      "address_maison_edition": "57 Frost Street, Chaparrito, Arizona",
      "location_maison_edition": {
        "lat": 50.111119,
        "long": 40.790023
      }
    }
  },
  {
    "id": "6234fa665d077ac322cccbfb",
    "profile": {
      "name_author": "Norman Rush",
      "book_name": "Squish",
      "date_publication": "2020-08-09",
      "address_book_vente": "89 Clymer Street, Sylvanite, Vermont",
      "address_maison_edition": "60 Everett Avenue, Calverton, American Samoa",
      "location_maison_edition": {
        "lat": -58.400775,
        "long": -6.474139
      }
    }
  },
  {
    "id": "6234fa66b89f463806dffc9c",
    "profile": {
      "name_author": "Constance Fox",
      "book_name": "Injoy",
      "date_publication": "2013-07-11",
      "address_book_vente": "84 Schenck Court, Gloucester, Kentucky",
      "address_maison_edition": "3 Pilling Street, Summerset, New Mexico",
      "location_maison_edition": {
        "lat": -30.790775,
        "long": 110.808621
      }
    }
  },
  {
    "id": "6234fa66c56e62b172ef2b93",
    "profile": {
      "name_author": "Haney Lancaster",
      "book_name": "Ecstasia",
      "date_publication": "2018-02-01",
      "address_book_vente": "13 Maple Avenue, Slovan, Georgia",
      "address_maison_edition": "74 Stockton Street, Norris, Texas",
      "location_maison_edition": {
        "lat": 81.112051,
        "long": 56.020121
      }
    }
  },
  {
    "id": "6234fa66914ef3812d588d0d",
    "profile": {
      "name_author": "Robinson Finch",
      "book_name": "Techade",
      "date_publication": "2011-11-10",
      "address_book_vente": "90 Moore Place, Whitmer, Connecticut",
      "address_maison_edition": "84 Corbin Place, Norwood, Virgin Islands",
      "location_maison_edition": {
        "lat": 40.909358,
        "long": -174.595004
      }
    }
  },
  {
    "id": "6234fa6636f6639b1a7c9af4",
    "profile": {
      "name_author": "Courtney Ortega",
      "book_name": "Mondicil",
      "date_publication": "2021-10-05",
      "address_book_vente": "45 Waldane Court, Haring, Oklahoma",
      "address_maison_edition": "100 Fillmore Avenue, Boykin, Montana",
      "location_maison_edition": {
        "lat": -18.342079,
        "long": -156.459109
      }
    }
  },
  {
    "id": "6234fa66c726e6390df455b5",
    "profile": {
      "name_author": "Raquel Mercer",
      "book_name": "Zentury",
      "date_publication": "2021-10-03",
      "address_book_vente": "6 Bartlett Street, Zortman, Mississippi",
      "address_maison_edition": "47 Seaview Court, Bartley, Colorado",
      "location_maison_edition": {
        "lat": 88.453644,
        "long": 112.156322
      }
    }
  },
  {
    "id": "6234fa66a5062d221150fbdb",
    "profile": {
      "name_author": "Alison Kelley",
      "book_name": "Geekfarm",
      "date_publication": "2017-10-15",
      "address_book_vente": "89 Gates Avenue, Carrizo, South Carolina",
      "address_maison_edition": "48 Adler Place, Duryea, Alabama",
      "location_maison_edition": {
        "lat": 29.270945,
        "long": -81.615998
      }
    }
  },
  {
    "id": "6234fa661e29f5cb6b0a1239",
    "profile": {
      "name_author": "Strickland Ewing",
      "book_name": "Letpro",
      "date_publication": "2010-03-27",
      "address_book_vente": "66 Rockaway Parkway, Churchill, Hawaii",
      "address_maison_edition": "4 Pierrepont Street, Brethren, Palau",
      "location_maison_edition": {
        "lat": 75.820635,
        "long": -110.179964
      }
    }
  },
  {
    "id": "6234fa662adee02d32f67901",
    "profile": {
      "name_author": "Morton Beard",
      "book_name": "Extremo",
      "date_publication": "2014-04-01",
      "address_book_vente": "22 Shale Street, Mooresburg, New Hampshire",
      "address_maison_edition": "30 Broome Street, Belleview, Alaska",
      "location_maison_edition": {
        "lat": 3.393841,
        "long": -164.067923
      }
    }
  },
  {
    "id": "6234fa66bfce90e5dc3b029c",
    "profile": {
      "name_author": "Sharron Best",
      "book_name": "Pholio",
      "date_publication": "2010-08-13",
      "address_book_vente": "61 Seigel Court, Crumpler, Utah",
      "address_maison_edition": "20 Hunterfly Place, Templeton, New Jersey",
      "location_maison_edition": {
        "lat": -54.343753,
        "long": 114.319795
      }
    }
  },
  {
    "id": "6234fa66832a5240feb9d136",
    "profile": {
      "name_author": "Grimes Schmidt",
      "book_name": "Isoswitch",
      "date_publication": "2017-01-16",
      "address_book_vente": "78 Beverly Road, Dubois, Delaware",
      "address_maison_edition": "3 Mermaid Avenue, Buxton, Wyoming",
      "location_maison_edition": {
        "lat": 85.787609,
        "long": -42.656975
      }
    }
  },
  {
    "id": "6234fa661bfdc3868bca3443",
    "profile": {
      "name_author": "Kris Baldwin",
      "book_name": "Comtent",
      "date_publication": "2021-06-25",
      "address_book_vente": "59 Kingsland Avenue, Windsor, Missouri",
      "address_maison_edition": "54 Macdougal Street, Clarence, District Of Columbia",
      "location_maison_edition": {
        "lat": 11.046289,
        "long": -133.209876
      }
    }
  },
  {
    "id": "6234fa66b4ad57536383a722",
    "profile": {
      "name_author": "Ashley Cochran",
      "book_name": "Geoform",
      "date_publication": "2010-03-05",
      "address_book_vente": "7 Menahan Street, Goldfield, Florida",
      "address_maison_edition": "82 Ryder Avenue, Downsville, California",
      "location_maison_edition": {
        "lat": 45.571976,
        "long": 140.083305
      }
    }
  },
  {
    "id": "6234fa6683f8f401e861b4cd",
    "profile": {
      "name_author": "Lora Schwartz",
      "book_name": "Zilidium",
      "date_publication": "2018-01-27",
      "address_book_vente": "13 Carroll Street, Vale, Northern Mariana Islands",
      "address_maison_edition": "35 Albemarle Road, Deputy, Ohio",
      "location_maison_edition": {
        "lat": 43.892516,
        "long": 128.631307
      }
    }
  },
  {
    "id": "6234fa6654f99729e38ec861",
    "profile": {
      "name_author": "Rosanna Salazar",
      "book_name": "Andryx",
      "date_publication": "2014-11-26",
      "address_book_vente": "29 Stuart Street, Elfrida, New York",
      "address_maison_edition": "66 Bayard Street, Kieler, Nebraska",
      "location_maison_edition": {
        "lat": -30.493758,
        "long": 124.030036
      }
    }
  },
  {
    "id": "6234fa66be3fe6e08614ce39",
    "profile": {
      "name_author": "Nieves Mendez",
      "book_name": "Zidox",
      "date_publication": "2018-08-29",
      "address_book_vente": "18 Stratford Road, Ernstville, Massachusetts",
      "address_maison_edition": "53 Amboy Street, Draper, Louisiana",
      "location_maison_edition": {
        "lat": 7.243272,
        "long": -56.935332
      }
    }
  },
  {
    "id": "6234fa662e1cdc68144c1fef",
    "profile": {
      "name_author": "Hughes Huff",
      "book_name": "Zaj",
      "date_publication": "2017-11-19",
      "address_book_vente": "87 Blake Avenue, Carlton, Oregon",
      "address_maison_edition": "16 Johnson Avenue, Sperryville, Guam",
      "location_maison_edition": {
        "lat": 47.115286,
        "long": -147.786606
      }
    }
  },
  {
    "id": "6234fa66d29c22892ff9b134",
    "profile": {
      "name_author": "Nelda Sweeney",
      "book_name": "Surelogic",
      "date_publication": "2017-12-06",
      "address_book_vente": "67 Falmouth Street, Como, Wisconsin",
      "address_maison_edition": "8 Sunnyside Court, Centerville, West Virginia",
      "location_maison_edition": {
        "lat": 70.053637,
        "long": 118.325136
      }
    }
  },
  {
    "id": "6234fa66e0c348e01949312c",
    "profile": {
      "name_author": "Pace Thornton",
      "book_name": "Myopium",
      "date_publication": "2018-01-30",
      "address_book_vente": "90 Ashland Place, Moraida, Idaho",
      "address_maison_edition": "4 Clifton Place, Starks, Puerto Rico",
      "location_maison_edition": {
        "lat": 21.067754,
        "long": -165.206069
      }
    }
  },
  {
    "id": "6234fa66d404659ba3cb523a",
    "profile": {
      "name_author": "Salinas Lara",
      "book_name": "Memora",
      "date_publication": "2020-09-23",
      "address_book_vente": "62 Troy Avenue, Brooktrails, Washington",
      "address_maison_edition": "38 Bulwer Place, Dalton, Iowa",
      "location_maison_edition": {
        "lat": 43.679603,
        "long": 25.510653
      }
    }
  },
  {
    "id": "6234fa66acb07fcbb36d3082",
    "profile": {
      "name_author": "Keith Cain",
      "book_name": "Dyno",
      "date_publication": "2019-10-12",
      "address_book_vente": "83 Cranberry Street, Tedrow, Tennessee",
      "address_maison_edition": "55 Stockholm Street, Boyd, South Dakota",
      "location_maison_edition": {
        "lat": 46.823392,
        "long": 32.055584
      }
    }
  },
  {
    "id": "6234fa660c751e4ff01f55e6",
    "profile": {
      "name_author": "Patsy Suarez",
      "book_name": "Zensus",
      "date_publication": "2015-03-07",
      "address_book_vente": "67 Ridgewood Place, Monument, Virginia",
      "address_maison_edition": "1 Elizabeth Place, Mansfield, Marshall Islands",
      "location_maison_edition": {
        "lat": -41.198043,
        "long": -22.802496
      }
    }
  },
  {
    "id": "6234fa6672fd457b40f2e739",
    "profile": {
      "name_author": "Copeland Wood",
      "book_name": "Hatology",
      "date_publication": "2020-03-29",
      "address_book_vente": "2 Beard Street, Hampstead, Kansas",
      "address_maison_edition": "83 Devon Avenue, Suitland, Rhode Island",
      "location_maison_edition": {
        "lat": -9.525632,
        "long": -137.318136
      }
    }
  },
  {
    "id": "6234fa66f65f659b44ce3a50",
    "profile": {
      "name_author": "Albert Short",
      "book_name": "Bovis",
      "date_publication": "2021-07-15",
      "address_book_vente": "58 Jodie Court, Shawmut, Indiana",
      "address_maison_edition": "65 Montgomery Place, Gila, North Dakota",
      "location_maison_edition": {
        "lat": 68.238094,
        "long": -164.454379
      }
    }
  },
  {
    "id": "6234fa66706b579fd8a1b8ba",
    "profile": {
      "name_author": "Allison Ferrell",
      "book_name": "Pyramax",
      "date_publication": "2020-12-07",
      "address_book_vente": "52 Horace Court, Rushford, Illinois",
      "address_maison_edition": "54 Chester Street, Lupton, Michigan",
      "location_maison_edition": {
        "lat": -62.243323,
        "long": 38.654838
      }
    }
  },
  {
    "id": "6234fa6696e2a7f72655679c",
    "profile": {
      "name_author": "Tessa Sears",
      "book_name": "Netur",
      "date_publication": "2020-03-26",
      "address_book_vente": "59 Gunther Place, Vincent, Federated States Of Micronesia",
      "address_maison_edition": "40 Kermit Place, Selma, Pennsylvania",
      "location_maison_edition": {
        "lat": -85.951922,
        "long": 168.929712
      }
    }
  },
  {
    "id": "6234fa66bc1aa98614b1d38c",
    "profile": {
      "name_author": "Jenkins Cannon",
      "book_name": "Phuel",
      "date_publication": "2019-09-07",
      "address_book_vente": "77 Veranda Place, Bynum, Minnesota",
      "address_maison_edition": "91 Huron Street, Montura, North Carolina",
      "location_maison_edition": {
        "lat": -80.620392,
        "long": 30.810628
      }
    }
  },
  {
    "id": "6234fa667ad5e35bac0e382c",
    "profile": {
      "name_author": "Robles Delgado",
      "book_name": "Zidant",
      "date_publication": "2018-09-11",
      "address_book_vente": "42 Gilmore Court, Belgreen, Nevada",
      "address_maison_edition": "9 Saratoga Avenue, Ilchester, Arkansas",
      "location_maison_edition": {
        "lat": -47.195084,
        "long": -103.203401
      }
    }
  },
  {
    "id": "6234fa664a96ec9defdf2921",
    "profile": {
      "name_author": "Mosley Mccormick",
      "book_name": "Terragen",
      "date_publication": "2021-11-06",
      "address_book_vente": "3 Lee Avenue, Carlos, Maine",
      "address_maison_edition": "8 Hastings Street, Gorst, Maryland",
      "location_maison_edition": {
        "lat": 27.226324,
        "long": 112.161195
      }
    }
  },
  {
    "id": "6234fa66df35a856bbd92bc0",
    "profile": {
      "name_author": "Casandra Ford",
      "book_name": "Strozen",
      "date_publication": "2020-02-27",
      "address_book_vente": "18 Beadel Street, Rockingham, Arizona",
      "address_maison_edition": "98 Nevins Street, Wattsville, Vermont",
      "location_maison_edition": {
        "lat": 54.374857,
        "long": -115.286424
      }
    }
  },
  {
    "id": "6234fa66c3e2ba781b04ede4",
    "profile": {
      "name_author": "Savage Estrada",
      "book_name": "Softmicro",
      "date_publication": "2011-04-25",
      "address_book_vente": "58 Bassett Avenue, Foscoe, American Samoa",
      "address_maison_edition": "52 Berry Street, Aguila, Kentucky",
      "location_maison_edition": {
        "lat": -22.705729,
        "long": -82.074905
      }
    }
  },
  {
    "id": "6234fa666d652d4a828a0e29",
    "profile": {
      "name_author": "Rosanne Weber",
      "book_name": "Greeker",
      "date_publication": "2012-12-10",
      "address_book_vente": "19 Hausman Street, Sterling, New Mexico",
      "address_maison_edition": "22 Knight Court, Healy, Georgia",
      "location_maison_edition": {
        "lat": -14.479602,
        "long": 35.132374
      }
    }
  },
  {
    "id": "6234fa66dc95cb827e429240",
    "profile": {
      "name_author": "Berry Wynn",
      "book_name": "Acusage",
      "date_publication": "2018-01-03",
      "address_book_vente": "14 Williams Avenue, Jacumba, Texas",
      "address_maison_edition": "97 Portland Avenue, Bridgetown, Connecticut",
      "location_maison_edition": {
        "lat": 42.508789,
        "long": -167.826022
      }
    }
  },
  {
    "id": "6234fa66de1022812003793c",
    "profile": {
      "name_author": "Galloway Dudley",
      "book_name": "Isosphere",
      "date_publication": "2019-08-08",
      "address_book_vente": "47 Columbia Place, Motley, Virgin Islands",
      "address_maison_edition": "30 Croton Loop, Dunbar, Oklahoma",
      "location_maison_edition": {
        "lat": -19.214287,
        "long": 82.930196
      }
    }
  },
  {
    "id": "6234fa665f46f7c5171f9e5d",
    "profile": {
      "name_author": "Prince Ward",
      "book_name": "Anivet",
      "date_publication": "2013-04-23",
      "address_book_vente": "99 Erasmus Street, Fairlee, Montana",
      "address_maison_edition": "1 Clara Street, Sandston, Mississippi",
      "location_maison_edition": {
        "lat": -57.044774,
        "long": -78.441496
      }
    }
  },
  {
    "id": "6234fa66c73d09c678d94fc0",
    "profile": {
      "name_author": "House Obrien",
      "book_name": "Flum",
      "date_publication": "2012-03-07",
      "address_book_vente": "21 Newkirk Avenue, Catherine, Colorado",
      "address_maison_edition": "3 Hemlock Street, Barrelville, South Carolina",
      "location_maison_edition": {
        "lat": 30.399452,
        "long": -144.223194
      }
    }
  },
  {
    "id": "6234fa6675da29ae9859ce78",
    "profile": {
      "name_author": "Opal Sweet",
      "book_name": "Spherix",
      "date_publication": "2020-08-20",
      "address_book_vente": "69 Lacon Court, Oretta, Alabama",
      "address_maison_edition": "27 Rockwell Place, Lutsen, Hawaii",
      "location_maison_edition": {
        "lat": 85.155032,
        "long": -101.981041
      }
    }
  },
  {
    "id": "6234fa66c5031a097084e2dd",
    "profile": {
      "name_author": "Hart Mcneil",
      "book_name": "Norsup",
      "date_publication": "2011-06-20",
      "address_book_vente": "53 Wyona Street, Elliott, Palau",
      "address_maison_edition": "22 Olive Street, Manitou, New Hampshire",
      "location_maison_edition": {
        "lat": 49.549908,
        "long": -38.408108
      }
    }
  },
  {
    "id": "6234fa667fb1fa678cad5d03",
    "profile": {
      "name_author": "Jacklyn Valencia",
      "book_name": "Solgan",
      "date_publication": "2017-04-14",
      "address_book_vente": "33 Metrotech Courtr, Riceville, Alaska",
      "address_maison_edition": "79 Osborn Street, Glenville, Utah",
      "location_maison_edition": {
        "lat": -22.207404,
        "long": 159.126271
      }
    }
  },
  {
    "id": "6234fa662ee4f6e92fc9af14",
    "profile": {
      "name_author": "Noreen Shepard",
      "book_name": "Interodeo",
      "date_publication": "2014-09-06",
      "address_book_vente": "31 Brooklyn Road, Cartwright, New Jersey",
      "address_maison_edition": "99 Debevoise Avenue, Gardiner, Delaware",
      "location_maison_edition": {
        "lat": 19.542627,
        "long": -87.089809
      }
    }
  },
  {
    "id": "6234fa66388ff2f40bad055f",
    "profile": {
      "name_author": "Ellen Witt",
      "book_name": "Ginkogene",
      "date_publication": "2020-06-08",
      "address_book_vente": "54 Visitation Place, Summertown, Wyoming",
      "address_maison_edition": "76 Neptune Avenue, Crucible, Missouri",
      "location_maison_edition": {
        "lat": 78.494348,
        "long": -122.975027
      }
    }
  },
  {
    "id": "6234fa66b70f42d7ad46a091",
    "profile": {
      "name_author": "Talley Chang",
      "book_name": "Deminimum",
      "date_publication": "2018-11-24",
      "address_book_vente": "73 Bush Street, Condon, District Of Columbia",
      "address_maison_edition": "62 Lorraine Street, Holtville, Florida",
      "location_maison_edition": {
        "lat": 6.134161,
        "long": -110.762201
      }
    }
  },
  {
    "id": "6234fa66cc098096f4e7e64e",
    "profile": {
      "name_author": "Horne Armstrong",
      "book_name": "Geofarm",
      "date_publication": "2019-12-23",
      "address_book_vente": "70 Post Court, Soudan, California",
      "address_maison_edition": "96 Brigham Street, Lacomb, Northern Mariana Islands",
      "location_maison_edition": {
        "lat": -41.658935,
        "long": -76.292668
      }
    }
  },
  {
    "id": "6234fa666ef26c21e2a09e48",
    "profile": {
      "name_author": "Velez Herrera",
      "book_name": "Playce",
      "date_publication": "2018-01-08",
      "address_book_vente": "94 Newton Street, Fulford, Ohio",
      "address_maison_edition": "34 Ridge Court, Diaperville, New York",
      "location_maison_edition": {
        "lat": -11.576907,
        "long": -73.984458
      }
    }
  },
  {
    "id": "6234fa664a9aebec3f43057d",
    "profile": {
      "name_author": "Tyler Middleton",
      "book_name": "Permadyne",
      "date_publication": "2017-10-10",
      "address_book_vente": "83 Hillel Place, Mahtowa, Nebraska",
      "address_maison_edition": "22 Bushwick Place, Shindler, Massachusetts",
      "location_maison_edition": {
        "lat": 84.741252,
        "long": -50.065745
      }
    }
  },
  {
    "id": "6234fa6690182f6693e8db88",
    "profile": {
      "name_author": "David Livingston",
      "book_name": "Fossiel",
      "date_publication": "2016-03-23",
      "address_book_vente": "67 Dorchester Road, Chapin, Louisiana",
      "address_maison_edition": "94 Sumpter Street, Edneyville, Oregon",
      "location_maison_edition": {
        "lat": -44.830876,
        "long": 159.176348
      }
    }
  },
  {
    "id": "6234fa66aea591bdcd81277e",
    "profile": {
      "name_author": "Aurora King",
      "book_name": "Virxo",
      "date_publication": "2015-07-22",
      "address_book_vente": "59 Bills Place, Frizzleburg, Guam",
      "address_maison_edition": "32 Jardine Place, Dahlen, Wisconsin",
      "location_maison_edition": {
        "lat": 41.881385,
        "long": 34.337884
      }
    }
  },
  {
    "id": "6234fa66e69f39cedaea443e",
    "profile": {
      "name_author": "Adela Hernandez",
      "book_name": "Eschoir",
      "date_publication": "2021-07-10",
      "address_book_vente": "70 Elton Street, Loyalhanna, West Virginia",
      "address_maison_edition": "68 Hoyts Lane, Bainbridge, Idaho",
      "location_maison_edition": {
        "lat": -27.307419,
        "long": -136.882635
      }
    }
  },
  {
    "id": "6234fa666a32bb3fd0e2e773",
    "profile": {
      "name_author": "Diane Roth",
      "book_name": "Plasmos",
      "date_publication": "2015-05-21",
      "address_book_vente": "83 Harkness Avenue, Cliffside, Puerto Rico",
      "address_maison_edition": "47 River Street, Jackpot, Washington",
      "location_maison_edition": {
        "lat": -75.322965,
        "long": 178.740922
      }
    }
  },
  {
    "id": "6234fa66e5f8f51994f7efe8",
    "profile": {
      "name_author": "Jodi Pennington",
      "book_name": "Podunk",
      "date_publication": "2019-08-21",
      "address_book_vente": "63 Perry Place, Bennett, Iowa",
      "address_maison_edition": "54 Noble Street, Alafaya, Tennessee",
      "location_maison_edition": {
        "lat": 1.514554,
        "long": -86.913284
      }
    }
  },
  {
    "id": "6234fa6687efb0fcfb68abab",
    "profile": {
      "name_author": "Neal Joyce",
      "book_name": "Limage",
      "date_publication": "2012-10-22",
      "address_book_vente": "63 Ralph Avenue, Hatteras, South Dakota",
      "address_maison_edition": "91 Emerald Street, Conway, Virginia",
      "location_maison_edition": {
        "lat": -87.364563,
        "long": -166.515745
      }
    }
  },
  {
    "id": "6234fa666239f1d9523e4bbb",
    "profile": {
      "name_author": "Esther Larson",
      "book_name": "Applideck",
      "date_publication": "2018-07-08",
      "address_book_vente": "93 Crosby Avenue, Muir, Marshall Islands",
      "address_maison_edition": "93 Matthews Place, Fingerville, Kansas",
      "location_maison_edition": {
        "lat": -83.494978,
        "long": -26.621603
      }
    }
  },
  {
    "id": "6234fa666117ce8546ca862f",
    "profile": {
      "name_author": "Elsie Santos",
      "book_name": "Zoid",
      "date_publication": "2020-09-04",
      "address_book_vente": "20 Hopkins Street, Tetherow, Rhode Island",
      "address_maison_edition": "71 King Street, Nescatunga, Indiana",
      "location_maison_edition": {
        "lat": 84.576865,
        "long": -72.115205
      }
    }
  },
  {
    "id": "6234fa662e202bebf41a8577",
    "profile": {
      "name_author": "Bass Gates",
      "book_name": "Comtrail",
      "date_publication": "2012-03-06",
      "address_book_vente": "28 Joralemon Street, Frystown, North Dakota",
      "address_maison_edition": "76 Utica Avenue, Tilden, Illinois",
      "location_maison_edition": {
        "lat": 17.931487,
        "long": -134.897142
      }
    }
  },
  {
    "id": "6234fa66d51d476c08688fe7",
    "profile": {
      "name_author": "Roberta Walters",
      "book_name": "Telpod",
      "date_publication": "2020-03-13",
      "address_book_vente": "15 Rock Street, Ruckersville, Michigan",
      "address_maison_edition": "79 Decatur Street, Gerber, Federated States Of Micronesia",
      "location_maison_edition": {
        "lat": -45.947724,
        "long": -13.009443
      }
    }
  },
  {
    "id": "6234fa66b479caffcfea3397",
    "profile": {
      "name_author": "Latoya Sutton",
      "book_name": "Noralex",
      "date_publication": "2021-03-27",
      "address_book_vente": "51 Norman Avenue, Davenport, Pennsylvania",
      "address_maison_edition": "22 Lincoln Place, Websterville, Minnesota",
      "location_maison_edition": {
        "lat": -53.695754,
        "long": -173.522512
      }
    }
  },
  {
    "id": "6234fa66bafb9264895dfc05",
    "profile": {
      "name_author": "Taylor Moody",
      "book_name": "Zanymax",
      "date_publication": "2018-01-16",
      "address_book_vente": "99 Lloyd Court, Darrtown, North Carolina",
      "address_maison_edition": "52 Tompkins Avenue, Springville, Nevada",
      "location_maison_edition": {
        "lat": 35.946081,
        "long": -129.912344
      }
    }
  },
  {
    "id": "6234fa6611a23ba51815a07b",
    "profile": {
      "name_author": "Bright Bernard",
      "book_name": "Blurrybus",
      "date_publication": "2020-08-28",
      "address_book_vente": "87 Dooley Street, Gracey, Arkansas",
      "address_maison_edition": "75 Lafayette Walk, Longbranch, Maine",
      "location_maison_edition": {
        "lat": 48.840775,
        "long": 42.449506
      }
    }
  },
  {
    "id": "6234fa6680f27b40b4dd57ef",
    "profile": {
      "name_author": "Cecilia Atkinson",
      "book_name": "Proflex",
      "date_publication": "2015-07-09",
      "address_book_vente": "15 Prospect Avenue, Shrewsbury, Maryland",
      "address_maison_edition": "11 Clinton Street, Limestone, Arizona",
      "location_maison_edition": {
        "lat": -48.732803,
        "long": -108.145775
      }
    }
  },
  {
    "id": "6234fa660e800d0daac35f43",
    "profile": {
      "name_author": "Wanda Chandler",
      "book_name": "Capscreen",
      "date_publication": "2014-02-15",
      "address_book_vente": "45 Willow Place, Geyserville, Vermont",
      "address_maison_edition": "59 Church Lane, Dragoon, American Samoa",
      "location_maison_edition": {
        "lat": 39.293086,
        "long": -169.373737
      }
    }
  },
  {
    "id": "6234fa66958251200eb61e9b",
    "profile": {
      "name_author": "Brennan Juarez",
      "book_name": "Stelaecor",
      "date_publication": "2012-03-06",
      "address_book_vente": "83 Eldert Lane, Joes, Kentucky",
      "address_maison_edition": "6 Randolph Street, Greer, New Mexico",
      "location_maison_edition": {
        "lat": 77.482826,
        "long": 99.160617
      }
    }
  },
  {
    "id": "6234fa669be51303d14ba76f",
    "profile": {
      "name_author": "Deanna Estes",
      "book_name": "Metroz",
      "date_publication": "2016-04-08",
      "address_book_vente": "91 Estate Road, Kirk, Georgia",
      "address_maison_edition": "6 Caton Avenue, Marion, Texas",
      "location_maison_edition": {
        "lat": -7.408169,
        "long": 148.237346
      }
    }
  },
  {
    "id": "6234fa667c12693075f12bb5",
    "profile": {
      "name_author": "Moran Porter",
      "book_name": "Keeg",
      "date_publication": "2013-11-23",
      "address_book_vente": "15 Schweikerts Walk, Tampico, Connecticut",
      "address_maison_edition": "54 Wolcott Street, Eggertsville, Virgin Islands",
      "location_maison_edition": {
        "lat": -28.305372,
        "long": 54.606078
      }
    }
  },
  {
    "id": "6234fa66f265663d91eb20b9",
    "profile": {
      "name_author": "Jeri Terry",
      "book_name": "Retrotex",
      "date_publication": "2011-04-13",
      "address_book_vente": "10 Doughty Street, Catharine, Oklahoma",
      "address_maison_edition": "88 Harwood Place, Bakersville, Montana",
      "location_maison_edition": {
        "lat": 32.667355,
        "long": -166.296047
      }
    }
  },
  {
    "id": "6234fa66f359372e21eb2948",
    "profile": {
      "name_author": "Elaine Dean",
      "book_name": "Escenta",
      "date_publication": "2016-04-24",
      "address_book_vente": "72 Ditmars Street, Sidman, Mississippi",
      "address_maison_edition": "34 Hamilton Walk, Breinigsville, Colorado",
      "location_maison_edition": {
        "lat": -57.296114,
        "long": -79.982253
      }
    }
  }
]